Workbook

Sheet Receita mensal
A1: Receita mensal por linha × região — últimos 4 trimestres
A2: Dados fictícios · valores em R$ mil · PDL Mallory 2026 · M5 T2 · Caso 3
A4: Linha | B4: Região | C4: jul/25 | D4: ago/25 | E4: set/25 | F4: out/25 | G4: nov/25 | H4: dez/25 | I4: jan/26 | J4: fev/26 | K4: mar/26 | L4: abr/26 | M4: mai/26 | N4: jun/26 | O4: Q3/25 | P4: Q4/25 | Q4: Q1/26 | R4: Q2/26 | S4: Total 12m
A5: Café | B5: Sudeste | C5: 396 | D5: 423 | E5: 450 | F5: 501 | G5: 553 | H5: 655 | I5: 366 | J5: 418 | K5: 471 | L5: 500 | M5: 529 | N5: 558 | O5: =SUM(C5:E5) | P5: =SUM(F5:H5) | Q5: =SUM(I5:K5) | R5: =SUM(L5:N5) | S5: =SUM(C5:N5)
A6: Café | B6: Sul | C6: 204 | D6: 217 | E6: 231 | F6: 258 | G6: 284 | H6: 336 | I6: 188 | J6: 215 | K6: 242 | L6: 257 | M6: 272 | N6: 287 | O6: =SUM(C6:E6) | P6: =SUM(F6:H6) | Q6: =SUM(I6:K6) | R6: =SUM(L6:N6) | S6: =SUM(C6:N6)
A7: Café | B7: Nordeste | C7: 136 | D7: 145 | E7: 154 | F7: 172 | G7: 189 | H7: 224 | I7: 125 | J7: 143 | K7: 161 | L7: 171 | M7: 181 | N7: 191 | O7: =SUM(C7:E7) | P7: =SUM(F7:H7) | Q7: =SUM(I7:K7) | R7: =SUM(L7:N7) | S7: =SUM(C7:N7)
A8: Café | B8: Centro-Oeste | C8: 73 | D8: 78 | E8: 83 | F8: 93 | G8: 102 | H8: 121 | I8: 68 | J8: 77 | K8: 87 | L8: 92 | M8: 98 | N8: 103 | O8: =SUM(C8:E8) | P8: =SUM(F8:H8) | Q8: =SUM(I8:K8) | R8: =SUM(L8:N8) | S8: =SUM(C8:N8)
A9: Café | B9: Norte | C9: 39 | D9: 42 | E9: 45 | F9: 50 | G9: 55 | H9: 65 | I9: 36 | J9: 41 | K9: 47 | L9: 50 | M9: 52 | N9: 55 | O9: =SUM(C9:E9) | P9: =SUM(F9:H9) | Q9: =SUM(I9:K9) | R9: =SUM(L9:N9) | S9: =SUM(C9:N9)
A10: Cozinha | B10: Sudeste | C10: 337 | D10: 359 | E10: 382 | F10: 426 | G10: 470 | H10: 556 | I10: 311 | J10: 356 | K10: 400 | L10: 425 | M10: 449 | N10: 474 | O10: =SUM(C10:E10) | P10: =SUM(F10:H10) | Q10: =SUM(I10:K10) | R10: =SUM(L10:N10) | S10: =SUM(C10:N10)
A11: Cozinha | B11: Sul | C11: 173 | D11: 185 | E11: 196 | F11: 219 | G11: 242 | H11: 286 | I11: 160 | J11: 183 | K11: 206 | L11: 218 | M11: 231 | N11: 244 | O11: =SUM(C11:E11) | P11: =SUM(F11:H11) | Q11: =SUM(I11:K11) | R11: =SUM(L11:N11) | S11: =SUM(C11:N11)
A12: Cozinha | B12: Nordeste | C12: 115 | D12: 123 | E12: 131 | F12: 146 | G12: 161 | H12: 190 | I12: 106 | J12: 122 | K12: 137 | L12: 145 | M12: 154 | N12: 162 | O12: =SUM(C12:E12) | P12: =SUM(F12:H12) | Q12: =SUM(I12:K12) | R12: =SUM(L12:N12) | S12: =SUM(C12:N12)
A13: Cozinha | B13: Centro-Oeste | C13: 62 | D13: 66 | E13: 71 | F13: 79 | G13: 87 | H13: 103 | I13: 57 | J13: 66 | K13: 74 | L13: 78 | M13: 83 | N13: 88 | O13: =SUM(C13:E13) | P13: =SUM(F13:H13) | Q13: =SUM(I13:K13) | R13: =SUM(L13:N13) | S13: =SUM(C13:N13)
A14: Cozinha | B14: Norte | C14: 33 | D14: 35 | E14: 38 | F14: 42 | G14: 47 | H14: 55 | I14: 31 | J14: 35 | K14: 40 | L14: 42 | M14: 44 | N14: 47 | O14: =SUM(C14:E14) | P14: =SUM(F14:H14) | Q14: =SUM(I14:K14) | R14: =SUM(L14:N14) | S14: =SUM(C14:N14)
A15: Ar & Ventilação | B15: Sudeste | C15: 218 | D15: 232 | E15: 247 | F15: 275 | G15: 304 | H15: 360 | I15: 201 | J15: 230 | K15: 259 | L15: 275 | M15: 291 | N15: 307 | O15: =SUM(C15:E15) | P15: =SUM(F15:H15) | Q15: =SUM(I15:K15) | R15: =SUM(L15:N15) | S15: =SUM(C15:N15)
A16: Ar & Ventilação | B16: Sul | C16: 112 | D16: 119 | E16: 127 | F16: 141 | G16: 156 | H16: 185 | I16: 103 | J16: 118 | K16: 133 | L16: 141 | M16: 149 | N16: 157 | O16: =SUM(C16:E16) | P16: =SUM(F16:H16) | Q16: =SUM(I16:K16) | R16: =SUM(L16:N16) | S16: =SUM(C16:N16)
... A19: Ar & Ventilação | B19: Norte | C19: 21 | D19: 23 | E19: 24 | F19: 27 | G19: 30 | H19: 36 | I19: 20 | J19: 23 | K19: 25 | L19: 27 | M19: 29 | N19: 30 | O19: =SUM(C19:E19) | P19: =SUM(F19:H19) | Q19: =SUM(I19:K19) | R19: =SUM(L19:N19) | S19: =SUM(C19:N19)
A20: TOTAL | C20: =SUM(C5:C19) | D20: =SUM(D5:D19) | E20: =SUM(E5:E19) | F20: =SUM(F5:F19) | G20: =SUM(G5:G19) | H20: =SUM(H5:H19) | I20: =SUM(I5:I19) | J20: =SUM(J5:J19) | ... S20: =SUM(S5:S19)

Sheet Comparações Q
A1: Comparações trimestrais rápidas
A2: Fórmulas apontam pra aba 'Receita mensal'. Base pra reunião trimestral.
A4: Métrica | B4: Q1/26 | C4: Q2/26 | D4: Δ absoluto | E4: Δ %
A5: Total geral | B5: ='Receita mensal'!Q20 | C5: ='Receita mensal'!R20 | D5: =C5-B5 | E5: =IFERROR(D5/B5, "n/a")
A6: Café | B6: =SUM('Receita mensal'!Q5:Q9) | C6: =SUM('Receita mensal'!R5:R9) | D6: =C6-B6 | E6: =IFERROR(D6/B6, "n/a")
A7: Cozinha | B7: =SUM('Receita mensal'!Q10:Q14) | C7: =SUM('Receita mensal'!R10:R14) | D7: =C7-B7 | E7: =IFERROR(D7/B7, "n/a")
A8: Ar & Ventilação | B8: =SUM('Receita mensal'!Q15:Q19) | C8: =SUM('Receita mensal'!R15:R19) | D8: =C8-B8 | E8: =IFERROR(D8/B8, "n/a")

Sheet Legenda
A1: Como usar este arquivo
A3: Este arquivo é FICTÍCIO. Criado como exercício do módulo M5 T2 do PDL Mallory 2026.
A4: Não representa receita real de nenhuma linha, região ou trimestre da Mallory.
A6: Aba 'Receita mensal' — 15 linhas (3 produtos × 5 regiões) × 12 meses.
A7: Aba 'Comparações Q' — totais por trimestre com Δ absoluto e Δ %.
A9: Como usar no exercício do Claude:
A10: 1. Baixe este arquivo E o 'slack-export-mock.md' da mesma pasta.
A11: 2. Abra o Claude Cowork (desktop).
A12: 3. Anexe os 2 arquivos + ative Extended Thinking.
A13: 4. Cole o prompt 'prompt-reuniao-tri.md'.
A14: 5. Peça o deck da reunião cruzando dados × temas do Slack.
A16: Valores em R$ mil (milhares de reais).
